repo	file	category	confidence	methods
androidx	core/core-backported-fixes/src/main/java/androidx/core/backported/fixes/SystemPropertyResolver.kt	Set membership / visited	low	valueOf(...)
androidx	pdf/pdf-ink/src/main/kotlin/androidx/pdf/ink/EditableDocumentViewModel.kt	Set membership / visited	low	BitSet()
androidx	profileinstaller/profileinstaller/src/main/java/androidx/profileinstaller/ProfileTranscoder.java	Set membership / visited	low	valueOf(...)
androidx	recyclerview/recyclerview/src/main/java/androidx/recyclerview/widget/StaggeredGridLayoutManager.java	Flag / feature storage	medium	BitSet(int); get(int); set(int,bool); set(from,to,bool); clear(); clear(int); isEmpty()
antlr4	runtime/Java/src/org/antlr/v4/runtime/ANTLRErrorListener.java	Set membership / visited	medium	
antlr4	runtime/Java/src/org/antlr/v4/runtime/BaseErrorListener.java	Set membership / visited	medium	
antlr4	runtime/Java/src/org/antlr/v4/runtime/DiagnosticErrorListener.java	Set membership / visited	medium	BitSet(); set(int)
antlr4	runtime/Java/src/org/antlr/v4/runtime/atn/ParserATNSimulator.java	Dataflow / liveness	high	BitSet(); get(int); cardinality(); nextSetBit()
antlr4	runtime/Java/src/org/antlr/v4/runtime/ProxyErrorListener.java	Set membership / visited	medium	
antlr4	runtime/Java/src/org/antlr/v4/runtime/atn/ATNConfigSet.java	Dataflow / liveness	high	BitSet(); set(int)
antlr4	runtime/Java/src/org/antlr/v4/runtime/atn/AmbiguityInfo.java	Dataflow / liveness	high	
antlr4	runtime/Java/src/org/antlr/v4/runtime/atn/LL1Analyzer.java	Dataflow / liveness	high	BitSet(); get(int); set(int); clear(int)
antlr4	runtime/Java/src/org/antlr/v4/runtime/atn/PredictionMode.java	Dataflow / liveness	high	BitSet(); get(int); set(int); or(); nextSetBit(); cardinality(); equals()
antlr4	runtime/Java/src/org/antlr/v4/runtime/atn/ProfilingATNSimulator.java	Dataflow / liveness	high	nextSetBit()
antlr4	runtime/Java/src/org/antlr/v4/runtime/misc/Utils.java	Dataflow / liveness	low	nextSetBit()
antlr4	tool/src/org/antlr/v4/tool/GrammarParserInterpreter.java	Dataflow / liveness	medium	BitSet(int); get(int); set(int); nextSetBit(); size()
beam	runners/core-java/src/main/java/org/apache/beam/runners/core/triggers/TriggerStateMachineRunner.java	Flag / feature storage	medium	isEmpty()
beam	sdks/java/core/src/main/java/org/apache/beam/sdk/coders/CoderRegistry.java	Serialization / wire protocol	medium	
beam	sdks/java/core/src/main/java/org/apache/beam/sdk/coders/RowCoderGenerator.java	Serialization / wire protocol	medium	BitSet(int); get(int); set(int)
beam	sdks/java/core/src/main/java/org/apache/beam/sdk/schemas/transforms/RenameFields.java	Set membership / visited	low	BitSet(int); get(int); isEmpty()
calcite	core/src/main/java/org/apache/calcite/plan/RelOptUtil.java	Query optimization	low	BitSet(int); size()
calcite	core/src/main/java/org/apache/calcite/profile/ProfilerImpl.java	Query optimization	low	BitSet(); clear(int); or(); size()
calcite	core/src/main/java/org/apache/calcite/profile/SimpleProfiler.java	Query optimization	low	BitSet(); get(int); clear(int); or(); size()
calcite	core/src/main/java/org/apache/calcite/rel/metadata/RelMdPredicates.java	Query optimization	medium	BitSet(); get(int); set(int); nextSetBit(); cardinality()
calcite	core/src/main/java/org/apache/calcite/rel/rules/AggregateJoinTransposeRule.java	Query optimization	high	BitSet(); get(int); set(int)
calcite	core/src/main/java/org/apache/calcite/rel/rules/HyperGraph.java	Query optimization	high	BitSet(); get(int); set(int); set(int,bool); and(); or(); andNot(); stream(); equals()
calcite	core/src/main/java/org/apache/calcite/rel/rules/LoptMultiJoin.java	Query optimization	high	get(int)
calcite	core/src/main/java/org/apache/calcite/rel/rules/LoptOptimizeJoinRule.java	Query optimization	high	BitSet(int); get(int); set(int); clear(int); and(); or(); cardinality()
calcite	core/src/main/java/org/apache/calcite/rel/rules/ProjectCorrelateTransposeRule.java	Query optimization	high	BitSet(); set(int)
calcite	core/src/main/java/org/apache/calcite/rel/rules/PushProjector.java	Query optimization	high	BitSet(int); set(int); set(from,to); or(); nextSetBit(); isEmpty(); cardinality()
calcite	core/src/main/java/org/apache/calcite/rex/RexSimplify.java	Query optimization	high	BitSet(); get(int); set(int)
calcite	core/src/main/java/org/apache/calcite/sql/validate/SqlValidatorImpl.java	Query optimization	low	BitSet(); get(int); set(int); isEmpty()
calcite	core/src/main/java/org/apache/calcite/sql2rel/SqlToRelConverter.java	Query optimization	high	BitSet(); set(int); cardinality()
calcite	core/src/main/java/org/apache/calcite/tools/RelBuilder.java	Query optimization	high	BitSet(); get(int); set(int)
calcite	core/src/main/java/org/apache/calcite/util/ArrowSet.java	Query optimization	low	BitSet(); get(int); set(int); stream()
calcite	core/src/main/java/org/apache/calcite/util/mapping/Mappings.java	Query optimization	low	BitSet(); set(int); equals()
cassandra	src/java/org/apache/cassandra/hints/HintsDispatcher.java	Indexing / record tracking	low	BitSet(int); get(int); set(int); size()
cassandra	src/java/org/apache/cassandra/metrics/ThreadLocalMeter.java	Indexing / record tracking	low	BitSet(); set(int); clear(int); nextSetBit()
cassandra	src/java/org/apache/cassandra/metrics/ThreadLocalMetrics.java	Indexing / record tracking	low	BitSet(); set(int); clear(int); nextSetBit(); cardinality()
cassandra	src/java/org/apache/cassandra/service/reads/repair/RowIteratorMergeListener.java	Serialization / wire protocol	medium	BitSet(int); get(int); set(int)
cassandra	src/java/org/apache/cassandra/utils/MurmurHash.java	Indexing / record tracking	low	flip(int); toByteArray(); valueOf(...)
checkstyle	src/main/java/com/puppycrawl/tools/checkstyle/DetailAstImpl.java	Static analysis detectors	high	BitSet(); set(int); or()
checkstyle	src/main/java/com/puppycrawl/tools/checkstyle/checks/FinalParametersCheck.java	Static analysis detectors	high	get(int)
checkstyle	src/main/java/com/puppycrawl/tools/checkstyle/checks/annotation/MissingDeprecatedCheck.java	Static analysis detectors	high	get(int)
checkstyle	src/main/java/com/puppycrawl/tools/checkstyle/checks/coding/AvoidDoubleBraceInitializationCheck.java	Static analysis detectors	high	get(int)
checkstyle	src/main/java/com/puppycrawl/tools/checkstyle/checks/coding/FinalLocalVariableCheck.java	Static analysis detectors	high	get(int)
checkstyle	src/main/java/com/puppycrawl/tools/checkstyle/checks/coding/IllegalTypeCheck.java	Static analysis detectors	high	BitSet(); get(int); isEmpty()
checkstyle	src/main/java/com/puppycrawl/tools/checkstyle/checks/coding/InnerAssignmentCheck.java	Static analysis detectors	high	get(int)
checkstyle	src/main/java/com/puppycrawl/tools/checkstyle/checks/coding/MagicNumberCheck.java	Static analysis detectors	high	get(int)
checkstyle	src/main/java/com/puppycrawl/tools/checkstyle/checks/coding/ModifiedControlVariableCheck.java	Static analysis detectors	high	get(int)
checkstyle	src/main/java/com/puppycrawl/tools/checkstyle/checks/coding/MultipleStringLiteralsCheck.java	Static analysis detectors	high	BitSet(); get(int); set(int); clear()
checkstyle	src/main/java/com/puppycrawl/tools/checkstyle/checks/coding/RequireThisCheck.java	Static analysis detectors	high	get(int)
checkstyle	src/main/java/com/puppycrawl/tools/checkstyle/checks/design/InnerTypeLastCheck.java	Static analysis detectors	high	get(int)
checkstyle	src/main/java/com/puppycrawl/tools/checkstyle/checks/header/HeaderCheck.java	Static analysis detectors	high	BitSet(); get(int)
checkstyle	src/main/java/com/puppycrawl/tools/checkstyle/checks/header/RegexpHeaderCheck.java	Static analysis detectors	high	BitSet(); get(int); cardinality()
checkstyle	src/main/java/com/puppycrawl/tools/checkstyle/checks/indentation/IndentLevel.java	Static analysis detectors	high	BitSet(); get(int); set(int); or(); nextSetBit(); cardinality(); length()
checkstyle	src/main/java/com/puppycrawl/tools/checkstyle/checks/indentation/SlistHandler.java	Static analysis detectors	high	get(int)
checkstyle	src/main/java/com/puppycrawl/tools/checkstyle/checks/javadoc/AtclauseOrderCheck.java	Static analysis detectors	high	get(int)
checkstyle	src/main/java/com/puppycrawl/tools/checkstyle/checks/javadoc/JavadocTagInfo.java	Static analysis detectors	high	get(int)
checkstyle	src/main/java/com/puppycrawl/tools/checkstyle/checks/sizes/MethodLengthCheck.java	Static analysis detectors	high	BitSet(); set(int); set(from,to); cardinality()
checkstyle	src/main/java/com/puppycrawl/tools/checkstyle/checks/whitespace/ParenPadCheck.java	Static analysis detectors	high	get(int)
checkstyle	src/main/java/com/puppycrawl/tools/checkstyle/site/SiteUtil.java	Static analysis detectors	high	stream()
checkstyle	src/main/java/com/puppycrawl/tools/checkstyle/utils/CommonUtil.java	Static analysis detectors	high	BitSet()
checkstyle	src/main/java/com/puppycrawl/tools/checkstyle/utils/TokenUtil.java	Static analysis detectors	high	
checkstyle	src/main/java/com/puppycrawl/tools/checkstyle/utils/XpathUtil.java	Static analysis detectors	high	get(int)
commons-lang	src/main/java/org/apache/commons/lang3/ArrayUtils.java	Set membership / visited	low	BitSet(); set(int); nextSetBit(); nextClearBit(); cardinality()
druid	extensions-contrib/spectator-histogram/src/main/java/org/apache/druid/spectator/histogram/NullableOffsetsHeader.java	Indexing / record tracking	low	BitSet(); set(int); cardinality(); length(); toByteArray()
druid	processing/src/main/java/org/apache/druid/query/dimension/ForwardingFilteredDimensionSelector.java	Indexing / record tracking	medium	
druid	processing/src/main/java/org/apache/druid/query/filter/vector/MultiValueStringVectorValueMatcher.java	Indexing / record tracking	medium	BitSet(int); get(int); set(int)
druid	processing/src/main/java/org/apache/druid/query/filter/vector/SingleValueStringVectorValueMatcher.java	Indexing / record tracking	medium	BitSet(int); get(int); set(int)
druid	processing/src/main/java/org/apache/druid/query/groupby/GroupByQueryQueryToolChest.java	Query optimization	medium	BitSet(); get(int); set(int); nextSetBit(); isEmpty()
druid	processing/src/main/java/org/apache/druid/query/groupby/epinephelinae/RowBasedGrouperHelper.java	Query optimization	medium	BitSet(int); get(int); set(int); size()
druid	processing/src/main/java/org/apache/druid/query/rowsandcols/LazilyDecoratedRowsAndColumns.java	Indexing / record tracking	medium	BitSet(int); get(int); set(int); set(int,bool)
druid	processing/src/main/java/org/apache/druid/segment/DimensionSelectorUtils.java	Indexing / record tracking	medium	BitSet(int); get(int); set(int)
druid	processing/src/main/java/org/apache/druid/segment/RowCombiningTimeAndDimsIterator.java	Indexing / record tracking	low	BitSet(); set(int); clear(); nextSetBit()
druid	processing/src/main/java/org/apache/druid/segment/StringDimensionIndexer.java	Indexing / record tracking	low	BitSet(int); get(int); set(int)
druid	processing/src/main/java/org/apache/druid/segment/column/StringUtf8DictionaryEncodedColumn.java	Indexing / record tracking	medium	BitSet(int); get(int); set(int)
druid	processing/src/main/java/org/apache/druid/segment/nested/NestedFieldDictionaryEncodedColumn.java	Indexing / record tracking	medium	BitSet(int); get(int); set(int)
druid	processing/src/main/java/org/apache/druid/segment/nested/VariantColumn.java	Indexing / record tracking	medium	BitSet(int); get(int); set(int)
eclipse-collections	eclipse-collections/src/main/java/org/eclipse/collections/impl/list/immutable/primitive/ImmutableBooleanArrayList.java	Set membership / visited	medium	BitSet(int); get(int); set(int); set(from,to); size(); clone()
eclipse-collections	eclipse-collections/src/main/java/org/eclipse/collections/impl/list/mutable/primitive/BooleanArrayList.java	Set membership / visited	medium	BitSet(); BitSet(int); get(int); set(int); set(from,to); set(from,to,bool); clear(); clear(int); clear(from,to); size()
eclipse-collections	eclipse-collections/src/main/java/org/eclipse/collections/impl/map/mutable/primitive/ObjectBooleanHashMap.java	Set membership / visited	medium	BitSet(int); get(int); set(int,bool); set(from,to); clear(); size(); hashCode()
eclipse-collections	eclipse-collections/src/main/java/org/eclipse/collections/impl/map/mutable/primitive/ObjectBooleanHashMapWithHashingStrategy.java	Set membership / visited	medium	BitSet(int); get(int); set(int,bool); set(from,to); clear(); size()
elasticsearch	modules/lang-painless/src/main/java/org/elasticsearch/painless/ClassWriter.java	Bytecode / IR tracking	high	
elasticsearch	modules/lang-painless/src/main/java/org/elasticsearch/painless/Def.java	Bytecode / IR tracking	high	BitSet(int); get(int); set(int); length()
elasticsearch	modules/lang-painless/src/main/java/org/elasticsearch/painless/MethodWriter.java	Bytecode / IR tracking	high	set(int)
elasticsearch	modules/lang-painless/src/main/java/org/elasticsearch/painless/PainlessScript.java	Bytecode / IR tracking	high	
elasticsearch	modules/lang-painless/src/main/java/org/elasticsearch/painless/phase/DefaultIRTreeToASMBytesPhase.java	Bytecode / IR tracking	high	BitSet(int); length()
elasticsearch	modules/lang-painless/src/main/java/org/elasticsearch/painless/phase/PainlessUserTreeToIRTreePhase.java	Bytecode / IR tracking	high	
elasticsearch	server/src/main/java/org/elasticsearch/action/search/SearchQueryThenFetchAsyncAction.java	Indexing / record tracking	medium	BitSet(int); get(int); set(int); size()
elasticsearch	server/src/main/java/org/elasticsearch/common/logging/HeaderWarning.java	Indexing / record tracking	medium	BitSet(int); get(int); set(int); length()
elasticsearch	server/src/main/java/org/elasticsearch/lucene/util/automaton/MinimizationOperations.java	Indexing / record tracking	medium	BitSet(int); get(int); set(int); clear(int)
elasticsearch	x-pack/plugin/eql/src/main/java/org/elasticsearch/xpack/eql/analysis/Verifier.java	Column / parameter mask	medium	BitSet(int); get(int); set(int); nextSetBit()
elasticsearch	x-pack/plugin/eql/src/main/java/org/elasticsearch/xpack/eql/parser/EqlParser.java	Column / parameter mask	medium	
elasticsearch	x-pack/plugin/esql-datasource-ndjson/src/main/java/org/elasticsearch/xpack/esql/datasource/ndjson/NdJsonPageDecoder.java	Null / dirty tracking	high	BitSet(int); get(int); set(int); clear(); size()
elasticsearch	x-pack/plugin/esql-datasource-ndjson/src/main/java/org/elasticsearch/xpack/esql/datasource/ndjson/NdJsonSchemaInferrer.java	Null / dirty tracking	high	BitSet(); get(int); set(int); clear()
elasticsearch	x-pack/plugin/esql-datasource-orc/src/main/java/org/elasticsearch/xpack/esql/datasource/orc/OrcFormatReader.java	Null / dirty tracking	high	BitSet(int); set(int)
elasticsearch	x-pack/plugin/esql/arrow/src/main/java/org/elasticsearch/xpack/esql/arrow/BlockConverter.java	Null / dirty tracking	high	BitSet(); BitSet(int); set(int); toByteArray()
elasticsearch	x-pack/plugin/esql/compute/src/main/java/org/elasticsearch/compute/data/AbstractArrayBlock.java	Null / dirty tracking	high	BitSet(int); get(int); set(int); nextSetBit(); isEmpty(); cardinality(); size(); toLongArray(); valueOf(...)
elasticsearch	x-pack/plugin/esql/compute/src/main/java/org/elasticsearch/compute/data/AbstractBlockBuilder.java	Null / dirty tracking	high	BitSet(); set(int)
elasticsearch	x-pack/plugin/esql/compute/src/main/java/org/elasticsearch/compute/data/BlockFactory.java	Null / dirty tracking	high	
elasticsearch	x-pack/plugin/esql/compute/src/main/java/org/elasticsearch/compute/data/BlockRamUsageEstimator.java	Null / dirty tracking	high	size()
elasticsearch	x-pack/plugin/esql/src/main/java/org/elasticsearch/xpack/esql/analysis/Analyzer.java	Column / parameter mask	medium	BitSet(int); set(int)
elasticsearch	x-pack/plugin/esql/src/main/java/org/elasticsearch/xpack/esql/analysis/Verifier.java	Column / parameter mask	medium	nextSetBit()
elasticsearch	x-pack/plugin/esql/src/main/java/org/elasticsearch/xpack/esql/core/tree/NodeToString.java	Indexing / record tracking	medium	BitSet(); get(int); set(from,to); size()
elasticsearch	x-pack/plugin/esql/src/main/java/org/elasticsearch/xpack/esql/datasources/spi/ColumnBlockConversions.java	Null / dirty tracking	high	BitSet(int); set(int)
elasticsearch	x-pack/plugin/esql/src/main/java/org/elasticsearch/xpack/esql/expression/predicate/operator/comparison/In.java	Column / parameter mask	medium	get(int)
elasticsearch	x-pack/plugin/esql/src/main/java/org/elasticsearch/xpack/esql/parser/EsqlParser.java	Column / parameter mask	medium	BitSet(int); get(int); set(int); cardinality()
elasticsearch	x-pack/plugin/esql/src/main/java/org/elasticsearch/xpack/esql/parser/PromqlParser.java	Column / parameter mask	medium	
elasticsearch	x-pack/plugin/esql/src/main/java/org/elasticsearch/xpack/esql/telemetry/FeatureMetric.java	Flag / feature storage	high	set(int)
elasticsearch	x-pack/plugin/ml/src/main/java/org/elasticsearch/xpack/ml/aggs/frequentitemsets/CountingItemSetTraverser.java	Indexing / record tracking	medium	BitSet(); BitSet(int); get(int); set(int); clear(int)
elasticsearch	x-pack/plugin/old-lucene-versions/src/main/java/org/elasticsearch/xpack/lucene/bwc/codecs/lucene70/fst/Util.java	Indexing / record tracking	medium	BitSet(); get(int); set(int)
elasticsearch	x-pack/plugin/ql/src/main/java/org/elasticsearch/xpack/ql/tree/Node.java	Indexing / record tracking	medium	BitSet(); get(int); set(from,to); size(); toString()
elasticsearch	x-pack/plugin/sql/src/main/java/org/elasticsearch/xpack/sql/analysis/analyzer/Verifier.java	Indexing / record tracking	medium	BitSet(int); set(int); nextSetBit()
elasticsearch	x-pack/plugin/sql/src/main/java/org/elasticsearch/xpack/sql/execution/search/CompositeAggCursor.java	Column / parameter mask	high	toByteArray(); valueOf(...)
elasticsearch	x-pack/plugin/sql/src/main/java/org/elasticsearch/xpack/sql/execution/search/CompositeAggRowSet.java	Column / parameter mask	high	
elasticsearch	x-pack/plugin/sql/src/main/java/org/elasticsearch/xpack/sql/execution/search/PivotCursor.java	Column / parameter mask	high	
elasticsearch	x-pack/plugin/sql/src/main/java/org/elasticsearch/xpack/sql/execution/search/PivotRowSet.java	Column / parameter mask	high	
elasticsearch	x-pack/plugin/sql/src/main/java/org/elasticsearch/xpack/sql/execution/search/Querier.java	Column / parameter mask	high	nextSetBit(); cardinality()
elasticsearch	x-pack/plugin/sql/src/main/java/org/elasticsearch/xpack/sql/execution/search/ResultRowSet.java	Column / parameter mask	high	nextSetBit(); cardinality(); size(); length()
elasticsearch	x-pack/plugin/sql/src/main/java/org/elasticsearch/xpack/sql/execution/search/SchemaCompositeAggRowSet.java	Column / parameter mask	high	
elasticsearch	x-pack/plugin/sql/src/main/java/org/elasticsearch/xpack/sql/execution/search/SchemaSearchHitRowSet.java	Column / parameter mask	high	
elasticsearch	x-pack/plugin/sql/src/main/java/org/elasticsearch/xpack/sql/execution/search/SearchHitCursor.java	Column / parameter mask	high	toByteArray(); valueOf(...)
elasticsearch	x-pack/plugin/sql/src/main/java/org/elasticsearch/xpack/sql/execution/search/SearchHitRowSet.java	Column / parameter mask	high	
elasticsearch	x-pack/plugin/sql/src/main/java/org/elasticsearch/xpack/sql/parser/SqlParser.java	Column / parameter mask	high	
elasticsearch	x-pack/plugin/sql/src/main/java/org/elasticsearch/xpack/sql/querydsl/container/QueryContainer.java	Column / parameter mask	high	BitSet(int); get(int); set(int); size(); equals()
elasticsearch	x-pack/plugin/text-structure/src/main/java/org/elasticsearch/xpack/textstructure/structurefinder/DelimitedTextStructureFinder.java	Character class / lexer	high	BitSet(); set(int); set(from,to); nextSetBit()
elasticsearch	x-pack/plugin/text-structure/src/main/java/org/elasticsearch/xpack/textstructure/structurefinder/TimestampFormatFinder.java	Character class / lexer	high	BitSet(); get(int); set(int); isEmpty(); cardinality(); length(); stream()
flink	flink-runtime/src/main/java/org/apache/flink/runtime/checkpoint/DefaultCheckpointPlanCalculator.java	Flag / feature storage	high	BitSet(int); get(int); set(int); cardinality(); size()
flink	flink-runtime/src/main/java/org/apache/flink/runtime/checkpoint/RescaleMappings.java	Flag / feature storage	high	BitSet(int); get(int); set(int)
flink	flink-runtime/src/main/java/org/apache/flink/runtime/checkpoint/RoundRobinOperatorStateRepartitioner.java	Flag / feature storage	high	BitSet(int); set(int); cardinality()
flink	flink-runtime/src/main/java/org/apache/flink/runtime/io/network/partition/consumer/SingleInputGate.java	Flag / feature storage	high	BitSet(int); get(int); set(int); clear(int); nextClearBit(); cardinality()
flink	flink-runtime/src/main/java/org/apache/flink/runtime/scheduler/VertexEndOfDataListener.java	Flag / feature storage	high	BitSet(); get(int); set(int); cardinality()
flink	flink-runtime/src/main/java/org/apache/flink/streaming/runtime/watermark/AlignedWatermarkCombiner.java	Flag / feature storage	high	BitSet(int); set(int); clear(); cardinality()
flink	flink-runtime/src/main/java/org/apache/flink/streaming/runtime/watermark/BoolWatermarkCombiner.java	Flag / feature storage	high	BitSet(int); set(int); set(from,to); clear(from,to); cardinality()
flink	flink-runtime/src/main/java/org/apache/flink/streaming/runtime/watermark/LongWatermarkCombiner.java	Flag / feature storage	high	BitSet(int); set(int); cardinality()
flink	flink-runtime/src/main/java/org/apache/flink/streaming/runtime/watermark/extension/eventtime/EventTimeWatermarkHandler.java	Flag / feature storage	high	BitSet(int); set(int); cardinality()
flink	flink-streaming-java/src/main/java/org/apache/flink/streaming/util/serialize/FlinkChillPackageRegistrar.java	Serialization / wire protocol	medium	
flink	flink-table/flink-table-common/src/main/java/org/apache/flink/table/utils/PartitionPathUtils.java	Column / parameter mask	medium	BitSet(int); get(int); set(int); size()
flink	flink-table/flink-table-planner/src/main/java/org/apache/calcite/rel/metadata/RelMdPredicates.java	Query optimization	high	get(int); set(int); nextSetBit(); cardinality()
flink	flink-table/flink-table-planner/src/main/java/org/apache/calcite/sql2rel/SqlToRelConverter.java	Query optimization	high	BitSet(); set(int)
flink	flink-table/flink-table-planner/src/main/java/org/apache/flink/table/planner/plan/rules/logical/FlinkAggregateJoinTransposeRule.java	Query optimization	high	BitSet(); get(int); set(int)
flink	flink-table/flink-table-runtime/src/main/java/org/apache/flink/table/data/UpdatableRowData.java	Column / parameter mask	high	BitSet(int); get(int); set(int)
flink	flink-table/flink-table-runtime/src/main/java/org/apache/flink/table/runtime/operators/join/SortMergeJoinFunction.java	Column / parameter mask	high	BitSet(); get(int); set(int); clear()
flink	flink-table/flink-table-runtime/src/main/java/org/apache/flink/table/runtime/operators/sink/constraint/BinaryLengthConstraint.java	Column / parameter mask	high	get(int)
flink	flink-table/flink-table-runtime/src/main/java/org/apache/flink/table/runtime/operators/sink/constraint/CharLengthConstraint.java	Column / parameter mask	high	get(int)
flink	flink-table/flink-table-runtime/src/main/java/org/apache/flink/table/runtime/operators/sink/constraint/ConstraintEnforcerExecutor.java	Column / parameter mask	high	BitSet(int); set(int); size()
graal	compiler/src/jdk.graal.compiler/src/jdk/graal/compiler/core/common/alloc/BasicBlockOrderUtils.java	Dataflow / liveness	high	BitSet(int); get(int); set(int)
graal	compiler/src/jdk.graal.compiler/src/jdk/graal/compiler/core/common/alloc/DefaultCodeEmissionOrder.java	Dataflow / liveness	high	BitSet(int)
graal	compiler/src/jdk.graal.compiler/src/jdk/graal/compiler/core/common/alloc/LinearScanOrder.java	Dataflow / liveness	high	BitSet(int); clear(int)
graal	compiler/src/jdk.graal.compiler/src/jdk/graal/compiler/core/common/cfg/BasicBlockSet.java	Dataflow / liveness	high	BitSet(int); get(int); set(int)
graal	compiler/src/jdk.graal.compiler/src/jdk/graal/compiler/core/common/cfg/DominatorOptimizationProblem.java	Dataflow / liveness	high	BitSet(int); get(int); set(int)
graal	compiler/src/jdk.graal.compiler/src/jdk/graal/compiler/core/common/util/BitMap2D.java	Dataflow / liveness	low	BitSet(int); get(from,to); set(from,to); clear()
graal	compiler/src/jdk.graal.compiler/src/jdk/graal/compiler/hotspot/HotSpotForeignCallLinkage.java	Serialization / wire protocol	medium	BitSet(); set(int); nextSetBit(); cardinality(); toLongArray(); valueOf(...)
graal	visualizer/IdealGraphVisualizer/Data/src/main/java/org/graalvm/visualizer/data/serialization/lazy/LazyGraph.java	Dataflow / liveness	low	get(int); isEmpty(); nextSetBit()
graal	compiler/src/jdk.graal.compiler/src/jdk/graal/compiler/hotspot/HotSpotReplacementsImpl.java	Column / parameter mask	high	
graal	compiler/src/jdk.graal.compiler/src/jdk/graal/compiler/hotspot/SymbolicSnippetEncoder.java	Column / parameter mask	low	
graal	compiler/src/jdk.graal.compiler/src/jdk/graal/compiler/hotspot/aarch64/AArch64HotSpotRegisterAllocationConfig.java	Dataflow / liveness	high	BitSet(int); get(int); set(int); clear(int); size()
graal	compiler/src/jdk.graal.compiler/src/jdk/graal/compiler/hotspot/amd64/AMD64HotSpotRegisterAllocationConfig.java	Dataflow / liveness	high	BitSet(int); get(int); set(int); clear(int); size()
graal	compiler/src/jdk.graal.compiler/src/jdk/graal/compiler/hotspot/phases/OnStackReplacementPhase.java	Dataflow / liveness	low	get(int)
graal	compiler/src/jdk.graal.compiler/src/jdk/graal/compiler/hotspot/replaycomp/proxy/HotSpotResolvedJavaMethodProxy.java	Serialization / wire protocol	high	
graal	compiler/src/jdk.graal.compiler/src/jdk/graal/compiler/hotspot/stubs/SnippetStub.java	Column / parameter mask	low	
graal	compiler/src/jdk.graal.compiler/src/jdk/graal/compiler/java/BciBlockMapping.java	Bytecode / IR tracking	high	BitSet(); get(int); set(int); clear(); clear(int); or(); andNot(); nextSetBit(); previousSetBit(); isEmpty(); length(); clone()
graal	compiler/src/jdk.graal.compiler/src/jdk/graal/compiler/java/BytecodeParser.java	Bytecode / IR tracking	high	BitSet(); get(int); set(int); andNot(); nextSetBit(); isEmpty(); cardinality(); clone()
graal	compiler/src/jdk.graal.compiler/src/jdk/graal/compiler/java/LargeLocalLiveness.java	Dataflow / liveness	high	BitSet(int); clear(); or(); andNot(); nextSetBit()
graal	compiler/src/jdk.graal.compiler/src/jdk/graal/compiler/java/LocalLiveness.java	Dataflow / liveness	high	BitSet(); or(); nextSetBit()
graal	compiler/src/jdk.graal.compiler/src/jdk/graal/compiler/java/SmallLocalLiveness.java	Dataflow / liveness	high	nextSetBit()
graal	compiler/src/jdk.graal.compiler/src/jdk/graal/compiler/lir/alloc/lsra/LinearScanResolveDataFlowPhase.java	Dataflow / liveness	high	BitSet(int); get(int); set(int); clear(); or()
graal	compiler/src/jdk.graal.compiler/src/jdk/graal/compiler/lir/amd64/AMD64VZeroUpper.java	Flag / feature storage	medium	BitSet(); get(int); set(int); equals()
graal	compiler/src/jdk.graal.compiler/src/jdk/graal/compiler/lir/constopt/ConstantLoadOptimization.java	Dataflow / liveness	high	BitSet(); get(int); set(int)
graal	compiler/src/jdk.graal.compiler/src/jdk/graal/compiler/lir/constopt/ConstantTreeAnalyzer.java	Dataflow / liveness	high	BitSet(int); get(int); set(int); size()
graal	compiler/src/jdk.graal.compiler/src/jdk/graal/compiler/lir/dfa/UniqueWorkList.java	Dataflow / liveness	high	BitSet(int); get(int)
graal	compiler/src/jdk.graal.compiler/src/jdk/graal/compiler/lir/stackslotalloc/FixPointIntervalBuilder.java	Dataflow / liveness	high	BitSet(int); get(int); set(int); clear(int); or(); nextSetBit(); clone(); equals()
graal	compiler/src/jdk.graal.compiler/src/jdk/graal/compiler/nodes/GraphDecoder.java	Bytecode / IR tracking	high	BitSet(int); get(int); set(int); set(from,to); clear(int); nextSetBit(); isEmpty()
graal	compiler/src/jdk.graal.compiler/src/jdk/graal/compiler/nodes/spi/DelegatingReplacements.java	Column / parameter mask	high	
graal	compiler/src/jdk.graal.compiler/src/jdk/graal/compiler/nodes/spi/Replacements.java	Column / parameter mask	high	
graal	compiler/src/jdk.graal.compiler/src/jdk/graal/compiler/nodes/spi/SnippetParameterInfo.java	Column / parameter mask	high	BitSet(int); set(int)
graal	compiler/src/jdk.graal.compiler/src/jdk/graal/compiler/phases/common/InsertProxyPhase.java	Dataflow / liveness	high	BitSet(); get(int); set(int)
graal	compiler/src/jdk.graal.compiler/src/jdk/graal/compiler/phases/common/inlining/walker/CallsiteHolderExplorable.java	Dataflow / liveness	medium	get(int); isEmpty()
graal	compiler/src/jdk.graal.compiler/src/jdk/graal/compiler/phases/common/inlining/walker/InliningData.java	Dataflow / liveness	medium	BitSet(); set(int); toString()
graal	compiler/src/jdk.graal.compiler/src/jdk/graal/compiler/phases/common/inlining/walker/MethodInvocation.java	Dataflow / liveness	medium	
graal	compiler/src/jdk.graal.compiler/src/jdk/graal/compiler/replacements/DefaultJavaLoweringProvider.java	Column / parameter mask	high	BitSet(); get(int); set(int)
graal	compiler/src/jdk.graal.compiler/src/jdk/graal/compiler/replacements/NonNullParameterPlugin.java	Column / parameter mask	high	get(int)
graal	compiler/src/jdk.graal.compiler/src/jdk/graal/compiler/replacements/ReplacementsImpl.java	Column / parameter mask	high	isEmpty()
graal	compiler/src/jdk.graal.compiler/src/jdk/graal/compiler/replacements/SnippetTemplate.java	Column / parameter mask	high	BitSet(int); set(int)
graal	compiler/src/jdk.graal.compiler/src/jdk/graal/compiler/virtual/phases/ea/PartialEscapeClosure.java	Dataflow / liveness	high	BitSet(int); get(int); set(int)
graal	espresso-compiler-stub/src/com.oracle.truffle.espresso.graal/src/com/oracle/truffle/espresso/graal/DummyReplacements.java	Column / parameter mask	high	
graal	espresso/src/com.oracle.truffle.espresso.libjavavm/src/com/oracle/truffle/espresso/libjavavm/Arguments.java	Flag / feature storage	medium	get(int)
graal	espresso/src/com.oracle.truffle.espresso.libjavavm/src/com/oracle/truffle/espresso/libjavavm/LibEspresso.java	Flag / feature storage	medium	BitSet(); set(int)
graal	espresso/src/com.oracle.truffle.espresso/src/com/oracle/truffle/espresso/analysis/BlockIterator.java	Dataflow / liveness	high	BitSet(int); get(int); set(int); clear(int)
graal	espresso/src/com.oracle.truffle.espresso/src/com/oracle/truffle/espresso/analysis/GraphBuilder.java	Bytecode / IR tracking	high	BitSet(); BitSet(int); get(int); set(int)
graal	espresso/src/com.oracle.truffle.espresso/src/com/oracle/truffle/espresso/analysis/frame/FrameAnalysis.java	Bytecode / IR tracking	high	BitSet(int); get(int); set(int); set(from,to); set(from,to,bool); clear(int)
graal	espresso/src/com.oracle.truffle.espresso/src/com/oracle/truffle/espresso/analysis/graph/EspressoExecutionGraph.java	Bytecode / IR tracking	high	BitSet(int); get(int); set(int)
graal	espresso/src/com.oracle.truffle.espresso/src/com/oracle/truffle/espresso/analysis/liveness/BlockBoundaryFinder.java	Dataflow / liveness	high	BitSet(int); get(int); set(int)
graal	espresso/src/com.oracle.truffle.espresso/src/com/oracle/truffle/espresso/analysis/liveness/BlockBoundaryResult.java	Dataflow / liveness	high	
graal	espresso/src/com.oracle.truffle.espresso/src/com/oracle/truffle/espresso/analysis/liveness/LivenessAnalysis.java	Dataflow / liveness	high	BitSet(int); get(int); set(int); clear(int); or(); andNot(); clone()
graal	espresso/src/com.oracle.truffle.espresso/src/com/oracle/truffle/espresso/analysis/liveness/LoopPropagatorClosure.java	Dataflow / liveness	high	BitSet(int); get(int); set(int); clear(); clear(int); or(); andNot(); isEmpty(); clone()
graal	sdk/src/org.graalvm.launcher/src/org/graalvm/launcher/Launcher.java	Flag / feature storage	medium	BitSet(); get(int); set(int); set(from,to)
graal	sdk/src/org.graalvm.polyglot.tck/src/org/graalvm/polyglot/tck/TypeDescriptor.java	Flag / feature storage	medium	BitSet(); get(int); set(int); isEmpty()
graal	substratevm/src/com.oracle.graal.pointsto/src/com/oracle/graal/pointsto/AnalysisPolicy.java	Graph / type-state	high	
graal	substratevm/src/com.oracle.graal.pointsto/src/com/oracle/graal/pointsto/flow/context/bytecode/BytecodeSensitiveAnalysisPolicy.java	Graph / type-state	high	and(); or(); andNot(); cardinality()
graal	substratevm/src/com.oracle.graal.pointsto/src/com/oracle/graal/pointsto/flow/context/bytecode/ContextSensitiveMultiTypeState.java	Graph / type-state	high	get(int); equals()
graal	substratevm/src/com.oracle.graal.pointsto/src/com/oracle/graal/pointsto/typestate/DefaultAnalysisPolicy.java	Graph / type-state	high	set(from,to); clear(int); and(); or(); andNot(); nextSetBit(); cardinality()
graal	substratevm/src/com.oracle.graal.pointsto/src/com/oracle/graal/pointsto/typestate/TypeStateUtils.java	Graph / type-state	high	BitSet(int); set(int); clear(int); and(); or(); andNot(); nextSetBit(); cardinality(); size(); length(); clone()
graal	substratevm/src/com.oracle.svm.core.foreign/src/com/oracle/svm/core/foreign/TrampolineSet.java	Set membership / visited	medium	BitSet(int); get(int); set(int); clear(); isEmpty()
graal	substratevm/src/com.oracle.svm.core/src/com/oracle/svm/core/code/CodeInfoEncoder.java	Bytecode / IR tracking	high	BitSet(); get(int); set(int)
graal	substratevm/src/com.oracle.svm.core/src/com/oracle/svm/core/code/FrameInfoEncoder.java	Bytecode / IR tracking	high	BitSet(); get(int); set(int); length()
graal	substratevm/src/com.oracle.svm.core/src/com/oracle/svm/core/graal/meta/SubstrateReplacements.java	Column / parameter mask	high	
graal	substratevm/src/com.oracle.svm.core/src/com/oracle/svm/core/heap/Pod.java	Set membership / visited	medium	BitSet(); get(int); set(int); set(from,to); nextSetBit(); nextClearBit(); isEmpty(); equals()
graal	substratevm/src/com.oracle.svm.core/src/com/oracle/svm/core/heap/SubstrateReferenceMap.java	Serialization / wire protocol	medium	BitSet(); get(int); set(int); nextSetBit(); previousSetBit(); isEmpty(); toLongArray(); valueOf(...); stream()
graal	substratevm/src/com.oracle.svm.hosted/src/com/oracle/svm/hosted/code/SubstrateGraphMaker.java	Dataflow / liveness	low	
graal	substratevm/src/com.oracle.svm.hosted/src/com/oracle/svm/hosted/dashboard/PointsToBreakdown.java	Graph / type-state	high	BitSet(); get(int); set(int); stream()
graal	substratevm/src/com.oracle.svm.hosted/src/com/oracle/svm/hosted/dynamicaccessinference/dataflow/ForwardDataFlowAnalyzer.java	Dataflow / liveness	high	BitSet(); nextSetBit()
graal	substratevm/src/com.oracle.svm.hosted/src/com/oracle/svm/hosted/imagelayer/ImageLayerSectionFeature.java	Serialization / wire protocol	medium	isEmpty(); toByteArray()
graal	substratevm/src/com.oracle.svm.hosted/src/com/oracle/svm/hosted/imagelayer/LayeredDispatchTableFeature.java	Serialization / wire protocol	medium	BitSet(); set(int)
graal	substratevm/src/com.oracle.svm.hosted/src/com/oracle/svm/hosted/meta/TypeCheckBuilder.java	Dataflow / liveness	low	BitSet(); get(int); set(int); and(); or(); andNot(); nextSetBit(); isEmpty(); cardinality(); intersects(); clone(); equals()
graal	substratevm/src/com.oracle.svm.hosted/src/com/oracle/svm/hosted/meta/UniverseBuilder.java	Dataflow / liveness	low	BitSet(); set(from,to); nextSetBit(); nextClearBit(); previousSetBit(); length(); clone()
graal	substratevm/src/com.oracle.svm.hosted/src/com/oracle/svm/hosted/meta/VTableBuilder.java	Dataflow / liveness	low	BitSet(); get(int); or(); nextClearBit()
graal	substratevm/src/com.oracle.svm.interpreter/src/com/oracle/svm/interpreter/ristretto/meta/RistrettoReplacements.java	Column / parameter mask	high	
graal	sulong/projects/com.oracle.truffle.llvm.parser/src/com/oracle/truffle/llvm/parser/LLVMLivenessAnalysis.java	Dataflow / liveness	high	BitSet(int); get(int); set(int); set(from,to); clear(); clear(int); or(); andNot(); nextSetBit(); size()
graal	sulong/projects/com.oracle.truffle.llvm.parser/src/com/oracle/truffle/llvm/parser/LazyToTruffleConverterImpl.java	Dataflow / liveness	low	nextSetBit()
graal	sulong/projects/com.oracle.truffle.llvm.parser/src/com/oracle/truffle/llvm/parser/ValueList.java	Dataflow / liveness	low	BitSet(); get(int); set(int); set(int,bool)
graal	sulong/projects/com.oracle.truffle.llvm.runtime/src/com/oracle/truffle/llvm/runtime/LLVMIVarBitLarge.java	Dataflow / liveness	low	BitSet(int); set(int); isEmpty(); toByteArray()
graal	sulong/projects/com.oracle.truffle.llvm/src/com/oracle/truffle/llvm/initialization/LoadModulesNode.java	Dataflow / liveness	low	BitSet(int); get(int); set(int); clear()
graal	tools/src/com.oracle.truffle.tools.agentscript/src/com/oracle/truffle/tools/agentscript/impl/InsightInstrument.java	Dataflow / liveness	low	BitSet(); set(int); clear(int); nextClearBit(); length()
graal	truffle/src/com.oracle.truffle.api.dsl/src/com/oracle/truffle/api/dsl/SpecializationStatistics.java	Dataflow / liveness	low	BitSet(); get(int); set(int); nextSetBit()
graal	truffle/src/com.oracle.truffle.api.strings/src/com/oracle/truffle/api/strings/TruffleString.java	Dataflow / liveness	low	BitSet(int); get(int); set(int)
graal	truffle/src/com.oracle.truffle.api/src/com/oracle/truffle/api/frame/FrameDescriptor.java	Dataflow / liveness	low	BitSet(); get(int); set(int); clear(int); or()
graal	truffle/src/com.oracle.truffle.dsl.processor/src/com/oracle/truffle/dsl/processor/library/LibraryGenerator.java	Dataflow / liveness	low	BitSet(int)
graal	truffle/src/com.oracle.truffle.polyglot/src/com/oracle/truffle/polyglot/PolyglotContextImpl.java	Dataflow / liveness	low	BitSet(int); get(int); set(int); cardinality()
graal	truffle/src/com.oracle.truffle.polyglot/src/com/oracle/truffle/polyglot/PolyglotThreadInfo.java	Dataflow / liveness	low	BitSet(int); get(int); set(int); clear(int); cardinality()
graal	visualizer/C1Visualizer/TextEditor/src/main/java/at/ssw/visualizer/texteditor/model/Scanner.java	Dataflow / liveness	low	BitSet(); get(int); set(int)
graal	visualizer/IdealGraphVisualizer/Data/src/main/java/org/graalvm/visualizer/data/serialization/lazy/GraphMetadata.java	Dataflow / liveness	low	BitSet(); set(int)
graal	visualizer/IdealGraphVisualizer/Data/src/main/java/org/graalvm/visualizer/data/serialization/lazy/StreamPool.java	Dataflow / liveness	low	BitSet(); get(int); set(int); clear()
graal	visualizer/IdealGraphVisualizer/GraphSearch/src/main/java/org/graalvm/visualizer/search/ui/actions/GraphContextAction.java	Dataflow / liveness	low	BitSet(); get(int); set(int)
graal	wasm/src/org.graalvm.wasm/src/org/graalvm/wasm/GlobalRegistry.java	Dataflow / liveness	low	BitSet(int); get(int); set(int,bool)
graal	wasm/src/org.graalvm.wasm/src/org/graalvm/wasm/parser/validation/BlockFrame.java	Dataflow / liveness	low	BitSet(int); set(int); clone()
graal	wasm/src/org.graalvm.wasm/src/org/graalvm/wasm/parser/validation/ControlFrame.java	Dataflow / liveness	low	get(int); set(int); clone()
graal	wasm/src/org.graalvm.wasm/src/org/graalvm/wasm/parser/validation/IfFrame.java	Dataflow / liveness	low	clone()
graal	wasm/src/org.graalvm.wasm/src/org/graalvm/wasm/parser/validation/LoopFrame.java	Dataflow / liveness	low	clone()
graal	web-image/src/com.oracle.svm.hosted.webimage/src/com/oracle/svm/hosted/webimage/wasm/ast/ActiveData.java	Dataflow / liveness	low	BitSet(int); get(int); set(int); size()
guava	android/guava/src/com/google/common/base/SmallCharMatcher.java	Character class / lexer	high	get(int); set(int); nextSetBit(); cardinality()
guava	android/guava/src/com/google/common/collect/ImmutableMap.java	Set membership / visited	low	BitSet(); get(int); set(int); isEmpty(); cardinality()
guava	android/guava/src/com/google/common/collect/Sets.java	Set membership / visited	low	BitSet(int); get(int); set(int); set(from,to); clear(from,to); nextSetBit(); nextClearBit(); isEmpty(); size(); clone()
guava	guava/src/com/google/common/base/SmallCharMatcher.java	Character class / lexer	high	get(int); set(int); nextSetBit(); cardinality()
guava	guava/src/com/google/common/collect/ImmutableMap.java	Set membership / visited	low	BitSet(); get(int); set(int); isEmpty(); cardinality()
guava	guava/src/com/google/common/collect/Sets.java	Set membership / visited	low	BitSet(int); get(int); set(int); set(from,to); clear(from,to); nextSetBit(); nextClearBit(); isEmpty(); size(); clone()
h2database	h2/src/main/org/h2/command/Parser.java	Indexing / record tracking	low	
h2database	h2/src/main/org/h2/command/ParserBase.java	Indexing / record tracking	low	BitSet(); get(int); set(int); or(); nextSetBit(); isEmpty(); cardinality(); length()
h2database	h2/src/main/org/h2/command/Tokenizer.java	Indexing / record tracking	low	get(int); set(int)
h2database	h2/src/main/org/h2/command/query/Optimizer.java	Query optimization	medium	BitSet(); get(int); set(int)
h2database	h2/src/main/org/h2/command/query/Select.java	Column / parameter mask	medium	BitSet(); nextSetBit(); cardinality()
h2database	h2/src/main/org/h2/engine/Database.java	Indexing / record tracking	low	BitSet(); get(int); set(int); andNot(); nextClearBit()
h2database	h2/src/main/org/h2/engine/SessionLocal.java	Indexing / record tracking	low	BitSet(); set(int)
h2database	h2/src/main/org/h2/jdbc/JdbcCallableStatement.java	Indexing / record tracking	low	BitSet(); get(int); set(int)
h2database	h2/src/main/org/h2/mvstore/Chunk.java	Indexing / record tracking	high	BitSet(); get(int); set(int); isEmpty(); cardinality(); toByteArray(); valueOf(...)
h2database	h2/src/main/org/h2/mvstore/FileStore.java	Indexing / record tracking	high	BitSet()
h2database	h2/src/main/org/h2/mvstore/db/MVSortedTempResult.java	Indexing / record tracking	high	BitSet(); get(int); set(int); nextClearBit()
h2database	h2/src/main/org/h2/mvstore/db/Store.java	Indexing / record tracking	high	get(int)
h2database	h2/src/main/org/h2/mvstore/tx/CommitDecisionMaker.java	Indexing / record tracking	high	BitSet(int); get(int); set(int)
h2database	h2/src/main/org/h2/mvstore/tx/Transaction.java	Indexing / record tracking	high	BitSet(); get(int); set(int)
h2database	h2/src/main/org/h2/table/InformationSchemaTable.java	Column / parameter mask	medium	
h2database	h2/src/main/org/h2/table/InformationSchemaTableLegacy.java	Column / parameter mask	medium	
hibernate-orm	hibernate-core/src/main/java/org/hibernate/engine/spi/ActionQueue.java	Flag / feature storage	high	BitSet(int); get(int); set(int); nextClearBit()
hibernate-orm	hibernate-core/src/main/java/org/hibernate/internal/util/StringHelper.java	Column / parameter mask	low	BitSet(); get(int); set(int)
hibernate-orm	hibernate-core/src/main/java/org/hibernate/metamodel/mapping/internal/EmbeddableMappingTypeImpl.java	Column / parameter mask	medium	BitSet(); get(int); set(int)
hibernate-orm	hibernate-core/src/main/java/org/hibernate/metamodel/mapping/internal/ToOneAttributeMapping.java	Column / parameter mask	medium	
hibernate-orm	hibernate-core/src/main/java/org/hibernate/persister/entity/mutation/EntityTableMapping.java	Column / parameter mask	high	BitSet(); get(int); set(int)
hibernate-orm	hibernate-core/src/main/java/org/hibernate/persister/entity/mutation/TableSet.java	Column / parameter mask	high	BitSet(); get(int); set(int)
hibernate-orm	hibernate-core/src/main/java/org/hibernate/query/results/internal/complete/EntityResultImpl.java	Column / parameter mask	medium	
hibernate-orm	hibernate-core/src/main/java/org/hibernate/query/sqm/sql/AggregateColumnAssignmentHandler.java	Column / parameter mask	high	BitSet(int); get(int); set(int); nextSetBit(); previousSetBit(); previousClearBit(); cardinality()
hibernate-orm	hibernate-core/src/main/java/org/hibernate/query/sqm/sql/internal/SqmMapEntryResult.java	Column / parameter mask	medium	
hibernate-orm	hibernate-core/src/main/java/org/hibernate/sql/ast/spi/AbstractSqlAstTranslator.java	Column / parameter mask	high	BitSet(int); get(int); set(int); size()
hibernate-orm	hibernate-core/src/main/java/org/hibernate/sql/results/graph/AbstractFetchParent.java	Column / parameter mask	high	
hibernate-orm	hibernate-core/src/main/java/org/hibernate/sql/results/graph/BiDirectionalFetch.java	Column / parameter mask	high	
hibernate-orm	hibernate-core/src/main/java/org/hibernate/sql/results/graph/DomainResultGraphNode.java	Column / parameter mask	high	
hibernate-orm	hibernate-core/src/main/java/org/hibernate/sql/results/graph/FetchParent.java	Column / parameter mask	high	
hibernate-orm	hibernate-core/src/main/java/org/hibernate/sql/results/graph/basic/BasicFetch.java	Column / parameter mask	high	set(int)
hibernate-orm	hibernate-core/src/main/java/org/hibernate/sql/results/graph/basic/BasicResult.java	Column / parameter mask	high	set(int)
hibernate-orm	hibernate-core/src/main/java/org/hibernate/sql/results/graph/collection/internal/DelayedCollectionFetch.java	Column / parameter mask	high	
hibernate-orm	hibernate-core/src/main/java/org/hibernate/sql/results/graph/collection/internal/EagerCollectionFetch.java	Column / parameter mask	high	
hibernate-orm	hibernate-core/src/main/java/org/hibernate/sql/results/graph/collection/internal/SelectEagerCollectionFetch.java	Column / parameter mask	high	
hibernate-orm	hibernate-core/src/main/java/org/hibernate/sql/results/graph/entity/AbstractDiscriminatedEntityResultGraphNode.java	Column / parameter mask	high	
hibernate-orm	hibernate-core/src/main/java/org/hibernate/sql/results/graph/entity/AbstractEntityResultGraphNode.java	Column / parameter mask	high	
hibernate-orm	hibernate-core/src/main/java/org/hibernate/sql/results/graph/entity/EntityFetch.java	Column / parameter mask	high	
hibernate-orm	hibernate-core/src/main/java/org/hibernate/sql/results/graph/entity/internal/AbstractNonJoinedEntityFetch.java	Column / parameter mask	high	
hibernate-orm	hibernate-core/src/main/java/org/hibernate/sql/results/graph/entity/internal/EntityFetchJoinedImpl.java	Column / parameter mask	high	
hibernate-orm	hibernate-core/src/main/java/org/hibernate/sql/results/graph/entity/internal/EntityInitializerImpl.java	Column / parameter mask	high	BitSet(int)
hibernate-orm	hibernate-core/src/main/java/org/hibernate/sql/results/graph/instantiation/internal/ArgumentDomainResult.java	Column / parameter mask	high	
hibernate-orm	hibernate-core/src/main/java/org/hibernate/sql/results/graph/instantiation/internal/DynamicInstantiationResultImpl.java	Column / parameter mask	high	
hibernate-orm	hibernate-core/src/main/java/org/hibernate/sql/results/graph/tuple/TupleResult.java	Column / parameter mask	high	set(int)
hibernate-orm	hibernate-core/src/main/java/org/hibernate/sql/results/internal/domain/CircularBiDirectionalFetchImpl.java	Column / parameter mask	high	
hibernate-orm	hibernate-core/src/main/java/org/hibernate/sql/results/jdbc/internal/JdbcValuesResultSetImpl.java	Column / parameter mask	high	BitSet(int); get(int); set(int); clear()
hibernate-orm	hibernate-core/src/main/java/org/hibernate/sql/results/jdbc/internal/StandardJdbcValuesMapping.java	Column / parameter mask	high	BitSet(int)
hibernate-orm	hibernate-core/src/main/java/org/hibernate/tuple/entity/EntityMetamodel.java	Flag / feature storage	high	BitSet(); set(int); isEmpty()
hibernate-orm	hibernate-spatial/src/main/java/org/hibernate/spatial/dialect/hana/HANASpatialFunction.java	Flag / feature storage	medium	BitSet(); get(int); set(from,to); size()
hibernate-orm	hibernate-vector/src/main/java/org/hibernate/vector/internal/VectorHelper.java	Flag / feature storage	medium	BitSet(); set(int); nextSetBit()
hibernate-orm	tooling/metamodel-generator/src/main/java/org/hibernate/processor/annotation/ErrorHandler.java	Set membership / visited	medium	
hive	common/src/java/org/apache/hadoop/hive/common/FileUtils.java	Query optimization	low	BitSet(int); get(int); set(int); size()
hive	iceberg/iceberg-handler/src/main/java/org/apache/iceberg/mr/hive/writer/ParquetVariantRecordWriter.java	Query optimization	low	BitSet(int); set(int); nextClearBit(); size()
hive	ql/src/java/org/apache/hadoop/hive/ql/ddl/table/partition/add/AlterTableAddPartitionOperation.java	Query optimization	medium	BitSet()
hive	ql/src/java/org/apache/hadoop/hive/ql/exec/ColumnStatsUpdateTask.java	Query optimization	medium	BitSet()
hive	ql/src/java/org/apache/hadoop/hive/ql/exec/FileSinkOperator.java	Query optimization	low	BitSet(); get(int); set(int)
hive	ql/src/java/org/apache/hadoop/hive/ql/exec/tez/HiveSplitGenerator.java	Query optimization	low	get(int); toString()
hive	ql/src/java/org/apache/hadoop/hive/ql/io/orc/VectorizedOrcAcidRowBatchReader.java	Null / dirty tracking	high	BitSet(int); set(int); set(from,to,bool); clear(int); clear(from,to); nextSetBit(); previousSetBit(); cardinality(); size(); clone()
hive	ql/src/java/org/apache/hadoop/hive/ql/metadata/Hive.java	Serialization / wire protocol	medium	BitSet()
hive	ql/src/java/org/apache/hadoop/hive/ql/optimizer/ConstantPropagateProcFactory.java	Query optimization	low	BitSet(); get(int); set(int); nextSetBit()
hive	ql/src/java/org/apache/hadoop/hive/ql/optimizer/FixedBucketPruningOptimizer.java	Query optimization	medium	BitSet(int); set(int); clear(); cardinality()
hive	ql/src/java/org/apache/hadoop/hive/ql/optimizer/GroupingSetOptimizer.java	Query optimization	low	nextSetBit(); valueOf(...)
hive	ql/src/java/org/apache/hadoop/hive/ql/optimizer/SharedWorkOptimizer.java	Query optimization	low	BitSet(); get(int); set(int); cardinality()
hive	ql/src/java/org/apache/hadoop/hive/ql/optimizer/calcite/rules/HiveAggregateJoinTransposeRule.java	Query optimization	high	BitSet(); get(int); get(from,to); set(int)
hive	ql/src/java/org/apache/hadoop/hive/ql/optimizer/calcite/rules/HiveCardinalityPreservingJoinOptimization.java	Query optimization	high	BitSet(); BitSet(int); get(int); set(int); stream()
hive	ql/src/java/org/apache/hadoop/hive/ql/optimizer/calcite/rules/HiveLoptMultiJoin.java	Query optimization	high	get(int)
hive	ql/src/java/org/apache/hadoop/hive/ql/optimizer/calcite/rules/HiveLoptOptimizeJoinRule.java	Query optimization	high	BitSet(int); get(int); set(int); clear(int); and(); or(); cardinality()
hive	ql/src/java/org/apache/hadoop/hive/ql/optimizer/calcite/stats/EstimateUniqueKeys.java	Query optimization	high	BitSet(); get(int); set(int)
hive	ql/src/java/org/apache/hadoop/hive/ql/optimizer/calcite/stats/HiveRelMdPredicates.java	Query optimization	high	get(int); set(int); nextSetBit(); cardinality(); toString()
hive	ql/src/java/org/apache/hadoop/hive/ql/plan/MapWork.java	Serialization / wire protocol	high	valueOf(...); toByteArray()
hive	ql/src/java/org/apache/hadoop/hive/ql/parse/CalcitePlanner.java	Query optimization	high	BitSet(); set(int); flip(from,to); size()
hive	ql/src/java/org/apache/hadoop/hive/ql/plan/TableScanDesc.java	Query optimization	low	get(int); size()
hive	serde/src/java/org/apache/hadoop/hive/serde2/thrift/ColumnBuffer.java	Serialization / wire protocol	medium	BitSet(); get(int); get(from,to); set(from,to); size(); length()
hive	service/src/java/org/apache/hive/service/auth/AuthType.java	Query optimization	low	BitSet(); get(int); set(int); cardinality()
hive	standalone-metastore/metastore-common/src/main/java/org/apache/hadoop/hive/metastore/txn/TxnCommonUtils.java	Flag / feature storage	medium	BitSet(); get(int); set(int); valueOf(...)
hive	standalone-metastore/metastore-common/src/main/java/org/apache/hadoop/hive/metastore/utils/FileUtils.java	Query optimization	low	BitSet(int); get(int); set(int); size()
hive	standalone-metastore/metastore-server/src/main/java/org/apache/hadoop/hive/metastore/columnstats/aggr/ColumnStatsAggregator.java	Query optimization	medium	BitSet(int); get(int); set(int); nextClearBit(); cardinality(); size()
hive	standalone-metastore/metastore-server/src/main/java/org/apache/hadoop/hive/metastore/handler/AddPartitionsHandler.java	Query optimization	medium	BitSet()
hive	standalone-metastore/metastore-server/src/main/java/org/apache/hadoop/hive/metastore/handler/CreateTableHandler.java	Query optimization	low	BitSet()
hive	standalone-metastore/metastore-server/src/main/java/org/apache/hadoop/hive/metastore/txn/TxnUtils.java	Flag / feature storage	medium	BitSet(int); get(int); set(from,to); valueOf(...)
hive	standalone-metastore/metastore-server/src/main/java/org/apache/hadoop/hive/metastore/txn/entities/OpenTxnList.java	Flag / feature storage	medium	BitSet(); set(int); size(); toByteArray()
hive	standalone-metastore/metastore-server/src/main/java/org/apache/hadoop/hive/metastore/txn/jdbc/functions/GetValidWriteIdsForTableFunction.java	Flag / feature storage	medium	BitSet(); set(int); clear(); size(); toByteArray()
hive	standalone-metastore/metastore-tools/tools-common/src/main/java/org/apache/hadoop/hive/metastore/tools/HMSClient.java	Query optimization	low	get(int); valueOf(...)
hive	storage-api/src/java/org/apache/hadoop/hive/common/ValidCleanerWriteIdList.java	Query optimization	low	BitSet()
hive	storage-api/src/java/org/apache/hadoop/hive/common/ValidCompactorWriteIdList.java	Flag / feature storage	medium	
hive	storage-api/src/java/org/apache/hadoop/hive/common/ValidReadTxnList.java	Flag / feature storage	medium	BitSet(); BitSet(int); get(int); set(int); nextSetBit()
hive	storage-api/src/java/org/apache/hadoop/hive/common/ValidReaderWriteIdList.java	Query optimization	low	BitSet(); BitSet(int); get(int); set(int); nextSetBit()
lucene	lucene/analysis/common/src/java/org/apache/lucene/analysis/hunspell/NGramFragmentChecker.java	Indexing / record tracking	low	BitSet(int); set(from,to,bool); cardinality(); size()
lucene	lucene/analysis/common/src/java/org/apache/lucene/analysis/in/IndicNormalizer.java	Indexing / record tracking	low	BitSet(int); get(int); set(int)
lucene	lucene/codecs/src/java/org/apache/lucene/codecs/memory/FSTTermsReader.java	Indexing / record tracking	high	BitSet(); get(int); set(int)
lucene	lucene/codecs/src/java/org/apache/lucene/codecs/simpletext/SimpleTextLiveDocsFormat.java	Indexing / record tracking	high	BitSet(int); get(int); set(int); length()
lucene	lucene/core/src/java/org/apache/lucene/util/automaton/Automaton.java	Character class / lexer	high	BitSet(int); get(int); set(from,to); nextSetBit(); size()
lucene	lucene/core/src/java/org/apache/lucene/util/automaton/FiniteStringsIterator.java	Character class / lexer	high	BitSet(int); get(int); set(int); clear(int)
lucene	lucene/core/src/java/org/apache/lucene/util/automaton/Operations.java	Character class / lexer	high	BitSet(int); get(int); set(int); clear(int); and(); andNot(); nextSetBit(); isEmpty(); cardinality()
lucene	lucene/core/src/java/org/apache/lucene/util/fst/Util.java	Indexing / record tracking	low	BitSet(); get(int); set(int)
lucene	lucene/core/src/java/org/apache/lucene/util/graph/GraphTokenStreamFiniteStrings.java	Indexing / record tracking	low	BitSet(int); get(int); set(int)
lucene	lucene/spatial3d/src/java/org/apache/lucene/spatial3d/geom/GeoConcavePolygon.java	Indexing / record tracking	low	BitSet(); get(int); set(int); size(); equals()
lucene	lucene/spatial3d/src/java/org/apache/lucene/spatial3d/geom/GeoConvexPolygon.java	Indexing / record tracking	low	BitSet(); get(int); set(int); size(); equals()
lucene	lucene/spatial3d/src/java/org/apache/lucene/spatial3d/geom/GeoPolygonFactory.java	Indexing / record tracking	low	BitSet(); BitSet(int); get(int); set(int,bool); set(from,to); size()
lucene	lucene/spatial3d/src/java/org/apache/lucene/spatial3d/geom/SerializableObject.java	Indexing / record tracking	low	toByteArray(); valueOf(...)
netty	codec-base/src/main/java/io/netty/handler/codec/DateFormatter.java	Character class / lexer	high	BitSet(); get(int); set(int)
netty	codec-http/src/main/java/io/netty/handler/codec/http/CookieUtil.java	Character class / lexer	high	BitSet(int); get(int); set(int); set(int,bool); set(from,to,bool); or()
netty	codec-http/src/main/java/io/netty/handler/codec/http/cookie/CookieUtil.java	Character class / lexer	high	BitSet(); get(int); set(int); set(int,bool)
netty	common/src/main/java/io/netty/util/internal/InternalThreadLocalMap.java	Flag / feature storage	low	BitSet(); get(int); set(int)
pmd	pmd-core/src/main/java/net/sourceforge/pmd/cpd/MatchCollector.java	Static analysis detectors	high	BitSet(); get(int); set(int)
pmd	pmd-java/src/main/java/net/sourceforge/pmd/lang/java/ast/OverrideResolutionPass.java	Static analysis detectors	high	BitSet(int); get(int); set(int)
pmd	pmd-java/src/main/java/net/sourceforge/pmd/lang/java/symbols/table/internal/JavaResolvers.java	Static analysis detectors	high	BitSet(int); get(int); set(int); nextSetBit(); isEmpty(); size()
spark	core/src/main/java/org/apache/spark/memory/TaskMemoryManager.java	Indexing / record tracking	medium	BitSet(int); get(int); set(int); clear(int)
spotbugs	spotbugs/src/main/java/edu/umd/cs/findbugs/LocalVariableAnnotation.java	Static analysis detectors	medium	get(int); equals()
spotbugs	spotbugs/src/main/java/edu/umd/cs/findbugs/OpcodeStack.java	Bytecode / IR tracking	high	BitSet(); get(int); set(int); clear(); nextSetBit(); clone()
spotbugs	spotbugs/src/main/java/edu/umd/cs/findbugs/StackMapAnalyzer.java	Static analysis detectors	medium	BitSet(); set(int)
spotbugs	spotbugs/src/main/java/edu/umd/cs/findbugs/Tokenizer.java	Static analysis detectors	medium	BitSet(); get(int); set(int); set(from,to)
spotbugs	spotbugs/src/main/java/edu/umd/cs/findbugs/ba/AbstractDominatorsAnalysis.java	Dataflow / liveness	high	BitSet(); get(int); set(int); clear(); and(); or(); equals()
spotbugs	spotbugs/src/main/java/edu/umd/cs/findbugs/ba/AnalysisContext.java	Dataflow / liveness	high	BitSet(); get(int); set(int,bool)
spotbugs	spotbugs/src/main/java/edu/umd/cs/findbugs/ba/AssertionMethods.java	Dataflow / liveness	high	BitSet(); get(int); set(int)
spotbugs	spotbugs/src/main/java/edu/umd/cs/findbugs/ba/BasicBlock.java	Dataflow / liveness	high	BitSet(); get(int); set(int)
spotbugs	spotbugs/src/main/java/edu/umd/cs/findbugs/ba/BetterCFGBuilder2.java	Dataflow / liveness	high	BitSet(); get(int); set(int)
spotbugs	spotbugs/src/main/java/edu/umd/cs/findbugs/ba/CFG.java	Dataflow / liveness	high	get(int)
spotbugs	spotbugs/src/main/java/edu/umd/cs/findbugs/ba/ClassContext.java	Dataflow / liveness	high	BitSet(); get(int); set(int); set(from,to); and(); nextSetBit(); isEmpty()
spotbugs	spotbugs/src/main/java/edu/umd/cs/findbugs/ba/Frame.java	Dataflow / liveness	high	BitSet(); set(int)
spotbugs	spotbugs/src/main/java/edu/umd/cs/findbugs/ba/LiveLocalStoreAnalysis.java	Dataflow / liveness	high	BitSet(); get(int); set(int); clear(); clear(int); or(); nextSetBit(); equals()
spotbugs	spotbugs/src/main/java/edu/umd/cs/findbugs/ba/LiveLocalStoreDataflow.java	Dataflow / liveness	high	
spotbugs	spotbugs/src/main/java/edu/umd/cs/findbugs/ba/LockChecker.java	Dataflow / liveness	high	get(int)
spotbugs	spotbugs/src/main/java/edu/umd/cs/findbugs/ba/PruneUnconditionalExceptionThrowerEdges.java	Dataflow / liveness	high	BitSet(); set(int)
spotbugs	spotbugs/src/main/java/edu/umd/cs/findbugs/ba/bcp/PatternMatcher.java	Dataflow / liveness	high	BitSet(); get(int); set(int,bool)
spotbugs	spotbugs/src/main/java/edu/umd/cs/findbugs/ba/deref/UnconditionalValueDerefSet.java	Dataflow / liveness	high	BitSet(); get(int); set(int); clear(); clear(int); and(); or(); isEmpty(); equals()
spotbugs	spotbugs/src/main/java/edu/umd/cs/findbugs/ba/interproc/ParameterProperty.java	Dataflow / liveness	high	BitSet(); get(int); set(from,to)
spotbugs	spotbugs/src/main/java/edu/umd/cs/findbugs/ba/npe/DerefFinder.java	Dataflow / liveness	high	and(); nextSetBit(); isEmpty()
spotbugs	spotbugs/src/main/java/edu/umd/cs/findbugs/ba/npe/IsNullValueAnalysis.java	Dataflow / liveness	high	BitSet(); get(int); set(int)
spotbugs	spotbugs/src/main/java/edu/umd/cs/findbugs/ba/npe/NullDerefAndRedundantComparisonFinder.java	Dataflow / liveness	high	BitSet(); get(int); set(int); clear(int); or()
spotbugs	spotbugs/src/main/java/edu/umd/cs/findbugs/ba/npe/UsagesRequiringNonNullValues.java	Dataflow / liveness	high	get(int)
spotbugs	spotbugs/src/main/java/edu/umd/cs/findbugs/ba/type/ExceptionSet.java	Dataflow / liveness	high	BitSet(); get(int); set(int); clear(); clear(int); or(); equals(); hashCode()
spotbugs	spotbugs/src/main/java/edu/umd/cs/findbugs/ba/type/TypeFrame.java	Dataflow / liveness	high	BitSet(); get(int); set(from,to); clear(); clear(int); or()
spotbugs	spotbugs/src/main/java/edu/umd/cs/findbugs/ba/type/TypeFrameModelingVisitor.java	Dataflow / liveness	high	BitSet(); get(int); set(int)
spotbugs	spotbugs/src/main/java/edu/umd/cs/findbugs/ba/vna/LoadedFieldSet.java	Dataflow / liveness	high	BitSet(); get(int); set(int)
spotbugs	spotbugs/src/main/java/edu/umd/cs/findbugs/ba/vna/MergeTree.java	Dataflow / liveness	high	BitSet(); get(int); set(int); or(); nextSetBit()
spotbugs	spotbugs/src/main/java/edu/umd/cs/findbugs/classfile/engine/ClassParserUsingASM.java	Static analysis detectors	medium	BitSet(); set(int)
spotbugs	spotbugs/src/main/java/edu/umd/cs/findbugs/classfile/engine/bcel/FinallyDuplicatesInfoFactory.java	Static analysis detectors	medium	BitSet(); get(int); set(int); clear(int); nextSetBit(); isEmpty(); size(); toString()
spotbugs	spotbugs/src/main/java/edu/umd/cs/findbugs/classfile/engine/bcel/LoadedFieldSetFactory.java	Static analysis detectors	medium	BitSet(); get(int); set(int)
spotbugs	spotbugs/src/main/java/edu/umd/cs/findbugs/classfile/engine/bcel/NonImplicitExceptionDominatorsAnalysisFactory.java	Static analysis detectors	medium	
spotbugs	spotbugs/src/main/java/edu/umd/cs/findbugs/classfile/engine/bcel/NonImplicitExceptionPostDominatorsAnalysisFactory.java	Static analysis detectors	medium	
spotbugs	spotbugs/src/main/java/edu/umd/cs/findbugs/classfile/engine/bcel/ValueRangeAnalysisFactory.java	Static analysis detectors	high	BitSet(); get(int); set(int); set(from,to); or(); isEmpty()
spotbugs	spotbugs/src/main/java/edu/umd/cs/findbugs/detect/BuildUnconditionalParamDerefDatabase.java	Static analysis detectors	high	BitSet(); set(int); isEmpty()
spotbugs	spotbugs/src/main/java/edu/umd/cs/findbugs/detect/DontIgnoreResultOfPutIfAbsent.java	Static analysis detectors	high	get(int); equals()
spotbugs	spotbugs/src/main/java/edu/umd/cs/findbugs/detect/FindBadCast2.java	Static analysis detectors	high	get(int)
spotbugs	spotbugs/src/main/java/edu/umd/cs/findbugs/detect/FindBugsSummaryStats.java	Static analysis detectors	high	BitSet(int); set(int); clear(); cardinality()
spotbugs	spotbugs/src/main/java/edu/umd/cs/findbugs/detect/FindDeadLocalStores.java	Static analysis detectors	high	BitSet(); get(int); set(int)
spotbugs	spotbugs/src/main/java/edu/umd/cs/findbugs/detect/FindJSR166LockMonitorenter.java	Static analysis detectors	high	get(int)
spotbugs	spotbugs/src/main/java/edu/umd/cs/findbugs/detect/FindLocalSelfAssignment2.java	Static analysis detectors	high	BitSet(); get(int); set(int); clear()
spotbugs	spotbugs/src/main/java/edu/umd/cs/findbugs/detect/FindMismatchedWaitOrNotify.java	Static analysis detectors	high	get(int)
spotbugs	spotbugs/src/main/java/edu/umd/cs/findbugs/detect/FindNonSerializableStoreIntoSession.java	Static analysis detectors	high	get(int)
spotbugs	spotbugs/src/main/java/edu/umd/cs/findbugs/detect/FindNonSerializableValuePassedToWriteObject.java	Static analysis detectors	high	get(int)
spotbugs	spotbugs/src/main/java/edu/umd/cs/findbugs/detect/FindNullDeref.java	Static analysis detectors	high	BitSet(); get(int); set(int); clear(int); and(); or(); nextSetBit(); isEmpty(); clone()
spotbugs	spotbugs/src/main/java/edu/umd/cs/findbugs/detect/FindOpenStream.java	Static analysis detectors	high	get(int)
spotbugs	spotbugs/src/main/java/edu/umd/cs/findbugs/detect/FindRefComparison.java	Static analysis detectors	high	BitSet(); set(int); or(); intersects()
spotbugs	spotbugs/src/main/java/edu/umd/cs/findbugs/detect/FindSelfComparison.java	Static analysis detectors	high	get(int)
spotbugs	spotbugs/src/main/java/edu/umd/cs/findbugs/detect/FindSelfComparison2.java	Static analysis detectors	high	get(int)
spotbugs	spotbugs/src/main/java/edu/umd/cs/findbugs/detect/FindSleepWithLockHeld.java	Static analysis detectors	high	get(int)
spotbugs	spotbugs/src/main/java/edu/umd/cs/findbugs/detect/FindUnrelatedTypesInGenericContainer.java	Static analysis detectors	high	get(int)
spotbugs	spotbugs/src/main/java/edu/umd/cs/findbugs/detect/FindUnreleasedLock.java	Static analysis detectors	high	get(int)
spotbugs	spotbugs/src/main/java/edu/umd/cs/findbugs/detect/FindUseOfNonSerializableValue.java	Static analysis detectors	high	get(int)
spotbugs	spotbugs/src/main/java/edu/umd/cs/findbugs/detect/FindUselessObjects.java	Static analysis detectors	high	BitSet(); get(int); set(int); nextSetBit()
spotbugs	spotbugs/src/main/java/edu/umd/cs/findbugs/detect/InfiniteLoop.java	Static analysis detectors	high	BitSet(); set(int); clear(); nextSetBit()
spotbugs	spotbugs/src/main/java/edu/umd/cs/findbugs/detect/LazyInit.java	Static analysis detectors	high	BitSet(); get(int); set(int); clear(); and()
spotbugs	spotbugs/src/main/java/edu/umd/cs/findbugs/detect/LoadOfKnownNullValue.java	Static analysis detectors	high	BitSet(); get(int); set(int); cardinality()
spotbugs	spotbugs/src/main/java/edu/umd/cs/findbugs/detect/MethodReturnCheck.java	Static analysis detectors	high	BitSet(); get(int); set(int)
spotbugs	spotbugs/src/main/java/edu/umd/cs/findbugs/detect/MethodReturnValueStreamFactory.java	Static analysis detectors	high	BitSet(); get(int); set(int)
spotbugs	spotbugs/src/main/java/edu/umd/cs/findbugs/detect/NoiseNullDeref.java	Static analysis detectors	high	BitSet(); get(int); set(int)
spotbugs	spotbugs/src/main/java/edu/umd/cs/findbugs/detect/RuntimeExceptionCapture.java	Static analysis detectors	high	get(int)
spotbugs	spotbugs/src/main/java/edu/umd/cs/findbugs/detect/SuspiciousThreadInterrupted.java	Static analysis detectors	high	BitSet(); get(int); set(int)
spotbugs	spotbugs/src/main/java/edu/umd/cs/findbugs/detect/SwitchFallthrough.java	Static analysis detectors	high	BitSet(); get(int); set(int); clear(); clear(int); and(); or(); nextSetBit(); cardinality(); clone()
spotbugs	spotbugs/src/main/java/edu/umd/cs/findbugs/props/WarningPropertyUtil.java	Static analysis detectors	medium	BitSet(); get(int); set(int)
spotbugs	spotbugs/src/main/java/edu/umd/cs/findbugs/xml/MetaCharacterMap.java	Static analysis detectors	medium	BitSet(); get(int); set(int)
spring-framework	spring-core/src/main/java/org/springframework/cglib/core/EmitUtils.java	Flag / feature storage	medium	BitSet(); get(int); set(int)
spring-framework	spring-core/src/main/java/org/springframework/util/MimeType.java	Flag / feature storage	medium	BitSet(int); get(int); set(int); set(from,to); andNot()
